,distinct_2,sentiment_polarity,repetition_rate,length,perplexity
hormone_dopamine,0.1671435645175692,-0.02367146350004145,-0.03833495797725323,0.011569607111254867,0.4559264701627245
hormone_cortisol,-0.11718403585422127,0.010280297865802675,-0.03656304512373618,-0.018844584673766783,-0.4296132405552594
hormone_oxytocin,0.0463663272669228,0.02057277087474841,0.02008498188792307,0.008484937093859998,0.12478011380219665
hormone_adrenaline,-0.19011220917596625,0.015370213999182437,0.10397118181428909,-0.022794647681693703,-0.23053030067896285
hormone_serotonin,0.13816539280132284,-0.017793176883317992,-0.040152226086201157,0.01758301287709927,0.2844097406014301
