metric,static_mean,static_std,dynamic_mean,dynamic_std,difference,t_statistic,p_value,cohens_d,significant
distinct_2,0.9715498833072077,0.07202485322844847,0.9933897368549551,0.024981193639961388,0.021839853547747423,-5.435651917253217,7.486847691138688e-08,0.4051495729668424,Yes
repetition_rate,0.012759721590803748,0.06602331055891188,0.0022621800616625947,0.021168659619452926,-0.010497541529141154,2.872719498348012,0.004189628389651931,-0.21411986928650836,Yes
sentiment_polarity,0.1450084164563207,0.21759214479734434,0.12685752223184588,0.2260704328416401,-0.01815089422447483,1.0975699092568934,0.272760282155767,-0.08180803090522296,No
