,distinct_2,sentiment_polarity,repetition_rate,length,perplexity
hormone_dopamine,0.13314615168835608,-0.02221371412161416,-0.020981286393878338,0.017054513583438284,0.44904550828264733
hormone_cortisol,-0.07988173204609783,0.034807653001528785,-0.060669361324993495,-0.0352501481977676,-0.43949258772147987
hormone_oxytocin,0.05077850111395817,0.035003362266669044,0.0054730926792435465,0.01149514966721473,0.12068206125219492
hormone_adrenaline,-0.2096912942936623,0.011448502908030915,0.12553778235546822,-0.003593622916888342,-0.26529655302817945
hormone_serotonin,0.11189676388559841,-0.04255310270473407,-0.017403321071607736,0.016811708787181866,0.3368867118146275
