metric,M_simple,SD_simple,M_semantic,SD_semantic,difference,t_statistic,p_value,cohens_d,effect_size,significant
distinct_2,0.9777421964523398,0.024825784243809917,0.9805272188936767,0.025849583641638273,0.0027850224413368263,-0.4069092801890256,0.6849996736694736,0.10989379483208075,trivial,No
sentiment_polarity,0.10109659073014728,0.1896364212785072,0.15930474386724386,0.20842662242411922,0.05820815313709658,-1.1026594542566548,0.2729901747138799,0.292131670028947,pequeño,No
repetition_rate,0.004907058885298687,0.011869253496910252,0.007919112861350856,0.016605140185797018,0.0030120539760521686,-0.863061478794397,0.3903003753329861,0.2086954479121113,pequeño,No
length,58.1,9.625388369609965,55.875,11.236102527122116,-2.2250000000000014,0.8206612990250871,0.41391554644089223,-0.21267870924654564,pequeño,No
