,distinct_2,sentiment_polarity,repetition_rate,length,perplexity
hormone_dopamine,0.1486252357464333,-0.012202154603218931,-0.03221712901711027,0.018052168017547762,0.24873677371965996
hormone_cortisol,-0.10699587811895371,0.013037053602909915,-0.04437010784935039,-0.024256563652766624,-0.2334825488528819
hormone_oxytocin,0.039543503782358234,0.0015220103561528362,0.023007286864182862,0.008096604621720597,0.06668177665015695
hormone_adrenaline,-0.22397084810259327,0.013405967581623941,0.13470960990968803,-0.029919392529285868,-0.1537577580863838
hormone_serotonin,0.16752322779865336,-0.008683589759803104,-0.04513871099966888,0.03093555072942048,0.19250176618311723
