,distinct_2,sentiment_polarity,repetition_rate,length,perplexity
hormone_dopamine,2.0062933195367305e-33,0.32530407617987556,0.009387704686812454,0.14559979335385836,3.0295510731076527e-92
hormone_cortisol,5.17423598041684e-18,0.2932937845295616,0.0003458275469943746,0.0505195708063714,3.3838093066812346e-81
hormone_oxytocin,0.0014289770883067247,0.9023566460804056,0.06362543251773213,0.5139791795335739,7.406816500318982e-08
hormone_adrenaline,1.0618053359883005e-74,0.279846447314895,1.0520565229517135e-27,0.01585420558103629,1.1135445322404477e-35
hormone_serotonin,4.017104410400733e-42,0.48394482909402414,0.00027226266070399434,0.012623389320354669,2.6777380841576222e-55
